{"cameraMode":{"drawMode":0,"name":"Shaded","section":"Shading Mode"},"sceneLighting":true,"audioPlay":false,"sceneViewState":{"showFog":true,"showMaterialUpdate":true,"showSkybox":true,"showFlares":true,"showImageEffects":true,"showParticleSystems":true},"in2DMode":false,"pivot":{"x":60.84136199951172,"y":-0.30869925022125246,"z":183.3456268310547},"rotation":{"x":-0.1546088010072708,"y":-0.09437863528728485,"z":0.005997733678668737,"w":-0.983577311038971},"size":1.5513384342193604,"orthographic":false}