{"cameraMode":{"drawMode":0,"name":"Shaded","section":"Shading Mode"},"sceneLighting":true,"audioPlay":false,"sceneViewState":{"showFog":true,"showMaterialUpdate":true,"showSkybox":true,"showFlares":true,"showImageEffects":true,"showParticleSystems":true},"in2DMode":false,"pivot":{"x":40.025421142578128,"y":-0.3619700074195862,"z":40.94353103637695},"rotation":{"x":0.323924720287323,"y":-0.00018986825307365507,"z":0.005860308185219765,"w":0.9485540986061096},"size":1.8513450622558594,"orthographic":false}