{"cameraMode":{"drawMode":0,"name":"Shaded","section":"Shading Mode"},"sceneLighting":true,"audioPlay":false,"sceneViewState":{"showFog":true,"showMaterialUpdate":true,"showSkybox":true,"showFlares":true,"showImageEffects":true,"showParticleSystems":true},"in2DMode":false,"pivot":{"x":34.75422668457031,"y":12.373150825500489,"z":208.15440368652345},"rotation":{"x":0.1114266961812973,"y":-0.8790574669837952,"z":0.35111790895462038,"w":0.3033306896686554},"size":5.387290954589844,"orthographic":false}